"DateTime","Symbol","TradeDate","FifoPnlRealized"
"2025-08-04;080021","ABP","2025-08-04","0"
"2025-08-04;111626","ABP","2025-08-04","1.2805"
"2025-08-04;111626","ABP","2025-08-04","1.35733"
"2025-08-04;111902","ABP","2025-08-04","0.89635"
"2025-08-04;111902","ABP","2025-08-04","1.2805"
"2025-08-04;111902","ABP","2025-08-04","0.5122"
"2025-08-04;180145","ABP","2025-08-04","20.28312"
"2025-08-04;124056","ABP","2025-08-04","0"
"2025-08-04;124333","ABP","2025-08-04","0"
"2025-08-04;124333","ABP","2025-08-04","0"
"2025-08-05;040001","ABP","2025-08-05","14.79"
"2025-10-17;082050","AKAN","2025-10-17","0"
"2025-10-17;083222","AKAN","2025-10-17","-0.20242"
"2025-10-17;083222","AKAN","2025-10-17","-7.81858"
"2025-03-31;045344","AMD","2025-03-31","0"
"2025-03-31;080749","AMD","2025-03-31","0"
"2025-04-03;043146","AMD","2025-04-03","0"
"2025-04-09;053511","AMD","2025-04-09","0"
"2025-06-27;080022","AMIX","2025-06-27","0"
"2025-06-27;080234","AMIX","2025-06-27","3.670044"
"2025-06-27;080234","AMIX","2025-06-27","14.406356"
"2025-06-27;081301","AMIX","2025-06-27","0"
"2025-06-27;081301","AMIX","2025-06-27","0"
"2025-06-27;102732","AMIX","2025-06-27","-2.0247"
"2025-07-21;080035","AMIX","2025-07-21","0"
"2025-07-21;083549","AMIX","2025-07-21","0"
"2025-07-21;083550","AMIX","2025-07-21","0"
"2025-07-21;085357","AMIX","2025-07-21","32.979"
"2025-07-21;085358","AMIX","2025-07-21","42.979"
"2025-07-21;093306","AMIX","2025-07-21","0"
"2025-07-21;093427","AMIX","2025-07-21","0"
"2025-07-21;093516","AMIX","2025-07-21","0"
"2025-07-21;110011","AMIX","2025-07-21","10.1785"
"2025-07-21;110851","AMIX","2025-07-21","24.1785"
"2025-07-21;111401","AMIX","2025-07-21","33.678"
"2025-02-27;112713","AMST","2025-02-27","0"
"2025-02-27;143936","AMST","2025-02-27","0"
"2025-02-28;093001","AMST","2025-02-28","0"
"2025-02-28;094341","AMST","2025-02-28","0"
"2025-02-28;100516","AMST","2025-02-28","0"
"2025-03-03;093036","AMST","2025-03-03","-14.266187"
"2025-03-03;100428","AMST","2025-03-03","-2.72737"
"2025-03-03;100504","AMST","2025-03-03","0.196959"
"2025-03-03;100504","AMST","2025-03-03","11.969038"
"2025-03-24;040503","AMZE","2025-03-24","7.30345"
"2025-06-13;093836","AMZE","2025-06-13","-0.722865"
"2025-11-12;091444","AMZE","2025-11-12","0"
"2025-11-12;092219","AMZE","2025-11-12","0"
"2025-11-12;092821","AMZE","2025-11-12","0"
"2025-11-12;093022","AMZE","2025-11-12","0"
"2025-11-12;093034","AMZE","2025-11-12","0"
"2025-11-12;093143","AMZE","2025-11-12","0"
"2025-11-12;093416","AMZE","2025-11-12","0"
"2025-11-12;093823","AMZE","2025-11-12","0"
"2025-11-12;094538","AMZE","2025-11-12","0"
"2025-11-12;094547","AMZE","2025-11-12","0"
"2025-11-12;094632","AMZE","2025-11-12","-22.619385"
"2025-11-12;094637","AMZE","2025-11-12","-1.407533"
"2025-11-12;094645","AMZE","2025-11-12","-1.221677"
"2025-11-12;094703","AMZE","2025-11-12","-1.16872"
"2025-11-12;094717","AMZE","2025-11-12","-1.240765"
"2025-11-12;094732","AMZE","2025-11-12","-1.752606"
"2025-11-12;094748","AMZE","2025-11-12","-0.978084"
"2025-11-12;094806","AMZE","2025-11-12","-0.808897"
"2025-11-12;094856","AMZE","2025-11-12","-0.8749"
"2025-11-12;095014","AMZE","2025-11-12","-0.68878"
"2025-11-12;095134","AMZE","2025-11-12","-0.14924"
"2025-11-12;095235","AMZE","2025-11-12","-0.82441"
"2025-11-12;095244","AMZE","2025-11-12","-1.19823"
"2025-11-12;095326","AMZE","2025-11-12","-0.96125"
"2025-11-12;095428","AMZE","2025-11-12","-1.14709"
"2025-11-14;084602","AMZE","2025-11-14","0"
"2025-11-14;084712","AMZE","2025-11-14","0"
"2025-11-14;085052","AMZE","2025-11-14","0"
"2025-11-14;091313","AMZE","2025-11-14","0"
"2025-11-14;092003","AMZE","2025-11-14","0"
"2025-11-14;092354","AMZE","2025-11-14","0"
"2025-11-14;093136","AMZE","2025-11-14","1.113"
"2025-11-14;093150","AMZE","2025-11-14","0.6081"
"2025-11-14;093204","AMZE","2025-11-14","1.11485"
"2025-11-14;093216","AMZE","2025-11-14","1.742"
"2025-11-14;093223","AMZE","2025-11-14","2.29968"
"2025-11-14;093239","AMZE","2025-11-14","13.94864"
"2025-11-14;093419","AMZE","2025-11-14","0"
"2025-11-14;093420","AMZE","2025-11-14","0"
"2025-11-14;093519","AMZE","2025-11-14","0"
"2025-11-14;093556","AMZE","2025-11-14","-2.6191"
"2025-09-18;104742","APVO","2025-09-18","0"
"2025-09-18;105942","APVO","2025-09-18","-2.021"
"2025-10-28;091859","AREB","2025-10-28","0"
"2025-10-28;093746","AREB","2025-10-28","0"
"2025-10-28;095152","AREB","2025-10-28","0"
"2025-10-29;062856","AREB","2025-10-29","0"
"2025-10-29;100257","AREB","2025-10-29","0"
"2025-10-29;101917","AREB","2025-10-29","0"
"2025-10-29;102912","AREB","2025-10-29","0"
"2025-10-29;103456","AREB","2025-10-29","-1.28979"
"2025-10-29;110236","AREB","2025-10-29","-5.87571"
"2025-11-06;164101","AREB","2025-11-06","-4.2719"
"2025-11-06;164115","AREB","2025-11-06","-5.4031"
"2025-11-06;164128","AREB","2025-11-06","-9.5433"
"2025-11-11;142247","AREB","2025-11-11","-5.8961"
"2025-11-11;143547","AREB","2025-11-11","-20.1355"
"2025-11-11;161731","AREB","2025-11-11","-4.3241"
"2025-11-12;082016","AREB","2025-11-12","-10.0965"
"2025-08-27;124234","ATCH","2025-08-27","0"
"2025-08-27;124234","ATCH","2025-08-27","0"
"2025-08-27;124234","ATCH","2025-08-27","0"
"2025-08-27;124234","ATCH","2025-08-27","0"
"2025-08-29;103926","ATCH","2025-08-29","0"
"2025-08-29;142019","ATCH","2025-08-29","-27.634"
"2025-09-02;080608","ATCH","2025-09-02","0"
"2025-09-02;112409","ATCH","2025-09-02","-26.038"
"2025-09-02;112409","ATCH","2025-09-02","-10.287"
"2025-09-04;040000","ATCH","2025-09-04","0"
"2025-09-04;042825","ATCH","2025-09-04","0"
"2025-09-04;042851","ATCH","2025-09-04","0"
"2025-09-04;042858","ATCH","2025-09-04","0"
"2025-09-04;084101","ATCH","2025-09-04","0"
"2025-09-04;093111","ATCH","2025-09-04","-18.017"
"2025-09-09;042807","ATCH","2025-09-09","0"
"2025-09-09;071833","ATCH","2025-09-09","-8.25"
"2025-09-09;071833","ATCH","2025-09-09","-4.21"
"2025-09-09;111909","ATCH","2025-09-09","33.163"
"2025-09-12;113025","ATCH","2025-09-12","0"
"2025-09-12;113432","ATCH","2025-09-12","7.541"
"2025-09-12;113812","ATCH","2025-09-12","0"
"2025-09-12;113813","ATCH","2025-09-12","0"
"2025-09-12;114239","ATCH","2025-09-12","13.774"
"2025-09-15;111203","ATCH","2025-09-15","0"
"2025-09-15;111224","ATCH","2025-09-15","-3.814"
"2025-09-15;111224","ATCH","2025-09-15","-6.908"
"2025-09-15;111224","ATCH","2025-09-15","-6.828"
"2025-09-15;112036","ATCH","2025-09-15","0"
"2025-09-15;112447","ATCH","2025-09-15","36.673"
"2025-09-17;130014","ATON","2025-09-17","0"
"2025-09-17;141519","ATON","2025-09-17","0"
"2025-10-07;163906","ATON","2025-10-07","167.9895"
"2025-10-21;123357","ATON","2025-10-21","0"
"2025-10-21;164928","ATON","2025-10-21","0"
"2025-10-22;114306","ATON","2025-10-22","0"
"2025-10-24;103212","ATON","2025-10-24","0"
"2025-10-27;091045","ATON","2025-10-27","0"
"2025-10-28;100225","ATON","2025-10-28","0"
"2025-11-03;100520","ATON","2025-11-03","0"
"2025-11-04;122530","ATON","2025-11-04","0"
"2025-11-04;132457","ATON","2025-11-04","0"
"2025-11-05;062202","ATON","2025-11-05","2.30232"
"2025-11-06;165229","ATON","2025-11-06","0"
"2025-11-06;170954","ATON","2025-11-06","0"
"2025-11-07;080254","ATON","2025-11-07","0"
"2025-11-07;081823","ATON","2025-11-07","-32.2972"
"2025-11-10;125242","ATON","2025-11-10","0"
"2025-11-13;150922","ATON","2025-11-13","0"
"2025-06-16;080049","BEAT","2025-06-16","0"
"2025-06-16;080049","BEAT","2025-06-16","0"
"2025-06-16;080049","BEAT","2025-06-16","0"
"2025-06-16;095414","BEAT","2025-06-16","0"
"2025-06-16;113425","BEAT","2025-06-16","-9.5247"
"2025-06-16;113425","BEAT","2025-06-16","-9.591367"
"2025-06-16;113425","BEAT","2025-06-16","-10.658033"
"2025-06-16;134742","BEAT","2025-06-16","1.9753"
"2025-03-10;163620","BKYI","2025-03-10","0"
"2025-03-10;163720","BKYI","2025-03-10","0"
"2025-03-11;051216","BKYI","2025-03-11","0"
"2025-03-17;050123","BKYI","2025-03-17","-38.42177"
"2025-03-17;125323","BKYI","2025-03-17","-24.038809"
"2025-03-17;125323","BKYI","2025-03-17","-24.302625"
"2025-09-19;113010","BLMZ","2025-09-19","0"
"2025-09-19;120300","BLMZ","2025-09-19","-8.8179"
"2025-09-19;120300","BLMZ","2025-09-19","-11.9301"
"2025-06-04;081806","BLNE","2025-06-04","0"
"2025-06-04;084503","BLNE","2025-06-04","0"
"2025-06-04;095247","BLNE","2025-06-04","0"
"2025-06-04;110103","BLNE","2025-06-04","-11.9247"
"2025-06-04;110103","BLNE","2025-06-04","-7.8847"
"2025-06-04;110103","BLNE","2025-06-04","-1.8247"
"2025-03-04;114232","BNZI","2025-03-04","0"
"2025-03-13;093001","BNZI","2025-03-13","0"
"2025-03-14;140549","BNZI","2025-03-14","-17.527758"
"2025-03-17;040000","BNZI","2025-03-17","0.158834"
"2025-03-17;040000","BNZI","2025-03-17","3.970842"
"2025-03-17;040000","BNZI","2025-03-17","0.317667"
"2025-03-17;040003","BNZI","2025-03-17","0.953002"
"2025-03-17;040056","BNZI","2025-03-17","0.158834"
"2025-03-17;040233","BNZI","2025-03-17","1.588337"
"2025-03-17;040305","BNZI","2025-03-17","0.794168"
"2025-08-20;080225","BNZI","2025-08-20","0"
"2025-08-20;081148","BNZI","2025-08-20","0"
"2025-08-20;084111","BNZI","2025-08-20","0"
"2025-08-20;093431","BNZI","2025-08-20","-58.57314"
"2025-08-20;093431","BNZI","2025-08-20","-17.671"
"2025-08-21;124231","BNZI","2025-08-21","-9.62596"
"2025-08-21;155757","BNZI","2025-08-21","-0.11021"
"2025-08-21;155851","BNZI","2025-08-21","-2.53483"
"2025-08-28;094822","BSLK","2025-08-28","0"
"2025-08-28;095835","BSLK","2025-08-28","0"
"2025-08-28;101334","BSLK","2025-08-28","-18.51075"
"2025-08-28;101334","BSLK","2025-08-28","-11.01075"
"2025-09-16;041624","BSLK","2025-09-16","0"
"2025-09-16;041848","BSLK","2025-09-16","0"
"2025-09-16;042539","BSLK","2025-09-16","7.979"
"2025-09-16;042541","BSLK","2025-09-16","42.979"
"2025-07-30;080611","BURU","2025-07-30","0"
"2025-07-30;093002","BURU","2025-07-30","-7.857"
"2025-09-09;082502","BURU","2025-09-09","0"
"2025-09-09;120453","BURU","2025-09-09","3.494"
"2025-09-17;075029","BURU","2025-09-17","0"
"2025-09-17;075220","BURU","2025-09-17","-4.5228"
"2025-10-22;061446","BYND","2025-10-22","0"
"2025-10-22;061803","BYND","2025-10-22","0"
"2025-10-22;072023","BYND","2025-10-22","-8.7391"
"2025-10-22;093001","BYND","2025-10-22","-14.4016"
"2025-03-17;094923","CAPS","2025-03-17","0"
"2025-03-17;132017","CAPS","2025-03-17","5.019041"
"2025-03-19;050741","CAPS","2025-03-19","-5.813054"
"2025-03-24;095602","CAPS","2025-03-24","12.069836"
"2025-04-14;041158","CAT","2025-04-14","0"
"2025-02-18;040016","CCTG","2025-02-18","0"
"2025-02-18;091746","CCTG","2025-02-18","0"
"2025-02-18;093512","CCTG","2025-02-18","0"
"2025-02-18;104243","CCTG","2025-02-18","0"
"2025-02-18;150112","CCTG","2025-02-18","-1.308689"
"2025-09-22;114300","CETY","2025-09-22","0"
"2025-09-30;081829","CETY","2025-09-30","-9.186"
"2025-09-30;093001","CETY","2025-09-30","-9.3085"
"2025-10-02;111944","CETY","2025-10-02","-12.1701"
"2025-10-03;105107","CETY","2025-10-03","-6.2187"
"2025-10-03;160504","CETY","2025-10-03","-10.3188"
"2025-10-24;055724","CETY","2025-10-24","0"
"2025-10-24;101029","CETY","2025-10-24","0"
"2025-10-24;101029","CETY","2025-10-24","0"
"2025-10-27;130037","CETY","2025-10-27","0"
"2025-11-05;113402","CETY","2025-11-05","-12.6876"
"2025-09-10;102127","CPOP","2025-09-10","0"
"2025-09-10;103923","CPOP","2025-09-10","0"
"2025-09-10;103931","CPOP","2025-09-10","-6.5215"
"2025-09-10;104834","CPOP","2025-09-10","0"
"2025-09-10;104835","CPOP","2025-09-10","12.4785"
"2025-09-10;105209","CPOP","2025-09-10","-14.522"
"2025-08-18;093207","CRDL","2025-08-18","0"
"2025-08-18;105643","CRDL","2025-08-18","0"
"2025-08-18;112859","CRDL","2025-08-18","0"
"2025-08-19;082602","CRDL","2025-08-19","-9.521"
"2025-08-19;093646","CRDL","2025-08-19","-23.0435"
"2025-08-19;093646","CRDL","2025-08-19","-6.022"
"2025-07-03;105208","CTXR","2025-07-03","0"
"2025-07-03;121236","CTXR","2025-07-03","0"
"2025-07-07;081905","CTXR","2025-07-07","0"
"2025-07-07;093332","CTXR","2025-07-07","0"
"2025-07-07;105735","CTXR","2025-07-07","0"
"2025-07-07;111526","CTXR","2025-07-07","-20.98075"
"2025-07-07;124411","CTXR","2025-07-07","-22.71325"
"2025-07-07;130242","CTXR","2025-07-07","0"
"2025-07-07;130258","CTXR","2025-07-07","-40.522"
"2025-07-07;134316","CTXR","2025-07-07","0"
"2025-07-07;150121","CTXR","2025-07-07","-16.521"
"2025-07-07;160511","CTXR","2025-07-07","3.22875"
"2025-07-07;160528","CTXR","2025-07-07","0.73785"
"2025-07-07;173521","CTXR","2025-07-07","11.4909"
"2025-07-08;041748","CTXR","2025-07-08","8.4895"
"2025-07-08;045759","CTXR","2025-07-08","19.479"
"2025-07-15;080115","CTXR","2025-07-15","0"
"2025-07-15;080334","CTXR","2025-07-15","0"
"2025-07-15;080626","CTXR","2025-07-15","0"
"2025-07-15;095010","CTXR","2025-07-15","0"
"2025-07-15;102411","CTXR","2025-07-15","0"
"2025-07-15;121428","CTXR","2025-07-15","-8.0215"
"2025-07-16;040000","CTXR","2025-07-16","-14.021"
"2025-07-16;093648","CTXR","2025-07-16","-25.022"
"2025-07-16;104955","CTXR","2025-07-16","0"
"2025-07-16;113717","CTXR","2025-07-16","0"
"2025-07-16;120622","CTXR","2025-07-16","-30.021"
"2025-07-16;120622","CTXR","2025-07-16","-24.5215"
"2025-07-17;112958","CTXR","2025-07-17","3.4795"
"2025-08-22;081950","CTXR","2025-08-22","0"
"2025-08-22;081950","CTXR","2025-08-22","0"
"2025-08-22;091257","CTXR","2025-08-22","0"
"2025-08-22;092513","CTXR","2025-08-22","7.958"
"2025-08-22;093255","CTXR","2025-08-22","21.958"
"2025-08-29;103325","CTXR","2025-08-29","0"
"2025-08-29;113909","CTXR","2025-08-29","-19.043"
"2025-09-04;093321","CTXR","2025-09-04","0"
"2025-10-03;132845","CTXR","2025-10-03","35.958"
"2025-02-04;090030","CYCN","2025-02-04","0"
"2025-02-04;141125","CYCN","2025-02-04","-3.141633"
"2025-06-10;080944","DATS","2025-06-10","0"
"2025-06-10;081138","DATS","2025-06-10","0"
"2025-06-10;085410","DATS","2025-06-10","-2.0118"
"2025-06-10;092545","DATS","2025-06-10","22.9764"
"2025-03-18;080247","DEVS","2025-03-18","0"
"2025-03-18;080706","DEVS","2025-03-18","0"
"2025-03-18;081619","DEVS","2025-03-18","0"
"2025-03-18;093100","DEVS","2025-03-18","-2.844712"
"2025-03-18;102043","DEVS","2025-03-18","-5.897965"
"2025-03-18;114558","DEVS","2025-03-18","0"
"2025-03-18;120336","DEVS","2025-03-18","0"
"2025-03-18;120353","DEVS","2025-03-18","0"
"2025-03-18;120407","DEVS","2025-03-18","0"
"2025-03-18;120420","DEVS","2025-03-18","0"
"2025-03-18;120438","DEVS","2025-03-18","0"
"2025-03-18;120442","DEVS","2025-03-18","0"
"2025-03-18;123506","DEVS","2025-03-18","-2.893667"
"2025-08-22;092803","DEVS","2025-08-22","0"
"2025-08-22;092803","DEVS","2025-08-22","0"
"2025-08-26;131936","DEVS","2025-08-26","-61.542"
"2025-08-26;131937","DEVS","2025-08-26","-21.6647"
"2025-08-26;131942","DEVS","2025-08-26","-8.8563"
"2025-11-06;082120","DEVS","2025-11-06","0"
"2025-11-06;093727","DEVS","2025-11-06","0.6179"
"2025-11-06;093728","DEVS","2025-11-06","0"
"2025-11-06;100511","DEVS","2025-11-06","-2.0141"
"2025-08-18;154937","DOMH","2025-08-18","0"
"2025-08-19;091614","DOMH","2025-08-19","2.979"
"2025-03-24;080017","DVLT","2025-03-24","0"
"2025-03-24;080017","DVLT","2025-03-24","0"
"2025-03-24;080017","DVLT","2025-03-24","0"
"2025-03-24;080017","DVLT","2025-03-24","0"
"2025-03-24;080017","DVLT","2025-03-24","0"
"2025-03-24;080017","DVLT","2025-03-24","0"
"2025-03-24;080017","DVLT","2025-03-24","0"
"2025-03-24;080017","DVLT","2025-03-24","0"
"2025-03-24;080017","DVLT","2025-03-24","0"
"2025-03-24;080017","DVLT","2025-03-24","0"
"2025-03-24;080017","DVLT","2025-03-24","0"
"2025-03-24;080017","DVLT","2025-03-24","0"
"2025-03-24;080017","DVLT","2025-03-24","0"
"2025-03-24;080537","DVLT","2025-03-24","0.094802"
"2025-03-24;080537","DVLT","2025-03-24","1.283218"
"2025-03-24;114923","DVLT","2025-03-24","0"
"2025-03-24;144403","DVLT","2025-03-24","0"
"2025-03-25;104907","DVLT","2025-03-25","0"
"2025-03-26;103038","DVLT","2025-03-26","-13.235601"
"2025-03-26;125005","DVLT","2025-03-26","0"
"2025-03-26;133901","DVLT","2025-03-26","-10.640538"
"2025-03-28;105726","DVLT","2025-03-28","0"
"2025-03-28;145823","DVLT","2025-03-28","-2.12192"
"2025-03-28;145823","DVLT","2025-03-28","-8.520785"
"2025-03-31;143935","DVLT","2025-03-31","-2.935578"
"2025-04-01;060108","DVLT","2025-04-01","-21.426101"
"2025-04-01;142953","DVLT","2025-04-01","0"
"2025-04-03;121409","DVLT","2025-04-03","-3.629658"
"2025-04-03;121615","DVLT","2025-04-03","-3.628668"
"2025-04-03;121707","DVLT","2025-04-03","-7.257337"
"2025-04-07;081610","DVLT","2025-04-07","-15.328603"
"2025-04-14;110153","DVLT","2025-04-14","-14.127885"
"2025-04-14;150725","DVLT","2025-04-14","-9.62783"
"2025-04-15;120317","DVLT","2025-04-15","-7.004057"
"2025-04-15;124842","DVLT","2025-04-15","-0.13513"
"2025-04-15;130618","DVLT","2025-04-15","-6.040011"
"2025-05-02;054235","DVLT","2025-05-02","4.65411"
"2025-07-29;080435","DVLT","2025-07-29","0"
"2025-07-29;080435","DVLT","2025-07-29","0"
"2025-07-29;080435","DVLT","2025-07-29","0"
"2025-07-29;093011","DVLT","2025-07-29","20.685"
"2025-05-01;120231","DVS","2025-05-01","0"
"2025-05-01;131916","DVS","2025-05-01","-12.031789"
"2025-05-01;131916","DVS","2025-05-01","-11.031789"
"2025-03-19;180030","ELAB","2025-03-19","0"
"2025-03-20;105853","ELAB","2025-03-20","18.390929"
"2025-05-28;085951","ELPW","2025-05-28","0"
"2025-05-28;110230","ELPW","2025-05-28","23.4882"
"2025-05-28;111215","ELPW","2025-05-28","23.4882"
"2025-08-28;083312","ENVB","2025-08-28","0"
"2025-08-28;083420","ENVB","2025-08-28","0"
"2025-08-28;083420","ENVB","2025-08-28","0"
"2025-08-28;092930","ENVB","2025-08-28","-1.021"
"2025-08-28;093133","ENVB","2025-08-28","4.979"
"2025-10-16;080625","ENVB","2025-10-16","0"
"2025-10-16;081457","ENVB","2025-10-16","0"
"2025-10-16;083134","ENVB","2025-10-16","0"
"2025-10-16;083806","ENVB","2025-10-16","0"
"2025-10-16;084001","ENVB","2025-10-16","-9.042"
"2025-10-16;084618","ENVB","2025-10-16","-0.17355"
"2025-10-16;084624","ENVB","2025-10-16","-5.86845"
"2025-10-16;091246","ENVB","2025-10-16","-2.14128"
"2025-10-16;091850","ENVB","2025-10-16","-8.07206"
"2025-10-16;092253","ENVB","2025-10-16","-2.02014"
"2025-10-16;092253","ENVB","2025-10-16","-0.98026"
"2025-10-16;092253","ENVB","2025-10-16","-3.11126"
"2025-10-16;093005","ENVB","2025-10-16","-22.435"
"2025-08-21;080947","FAAS","2025-08-21","0"
"2025-08-21;093441","FAAS","2025-08-21","13.79"
"2025-09-03;080441","FAAS","2025-09-03","0"
"2025-09-03;093143","FAAS","2025-09-03","-9.234"
"2025-09-03;093143","FAAS","2025-09-03","-1.026"
"2025-09-03;094849","FAAS","2025-09-03","0"
"2025-09-03;095658","FAAS","2025-09-03","0"
"2025-09-03;095658","FAAS","2025-09-03","0"
"2025-09-03;100450","FAAS","2025-09-03","0"
"2025-09-03;111418","FAAS","2025-09-03","-0.324"
"2025-09-03;111418","FAAS","2025-09-03","8.73"
"2025-09-03;111418","FAAS","2025-09-03","0.974"
"2025-09-03;111418","FAAS","2025-09-03","12.77"
"2025-09-11;080836","FAAS","2025-09-11","0"
"2025-09-11;094451","FAAS","2025-09-11","-35.944"
"2025-09-18;072941","FAAS","2025-09-18","0"
"2025-09-18;093022","FAAS","2025-09-18","-4.802"
"2025-10-27;090013","FGNX","2025-10-27","0"
"2025-10-27;093000","FGNX","2025-10-27","0"
"2025-10-27;095850","FGNX","2025-10-27","0"
"2025-10-27;111544","FGNX","2025-10-27","0"
"2025-10-27;135205","FGNX","2025-10-27","1.8641"
"2025-11-05;080558","FGNX","2025-11-05","0"
"2025-11-05;082004","FGNX","2025-11-05","0"
"2025-11-05;093356","FGNX","2025-11-05","0.2074"
"2025-10-28;095122","FUSE","2025-10-28","0"
"2025-10-28;101549","FUSE","2025-10-28","0"
"2025-10-28;122124","FUSE","2025-10-28","8.5118"
"2025-10-30;093453","FUSE","2025-10-30","0"
"2025-10-30;094740","FUSE","2025-10-30","0.0519"
"2025-07-14;080027","GAUZ","2025-07-14","0"
"2025-07-14;080814","GAUZ","2025-07-14","0"
"2025-07-14;093720","GAUZ","2025-07-14","0"
"2025-07-14;094419","GAUZ","2025-07-14","7.68173"
"2025-07-14;094419","GAUZ","2025-07-14","1.29727"
"2025-07-14;094419","GAUZ","2025-07-14","22.729"
"2025-07-14;094524","GAUZ","2025-07-14","6.74475"
"2025-08-07;123951","GIBO","2025-08-07","0"
"2025-08-11;042217","GIBO","2025-08-11","69.119607"
"2025-08-11;042217","GIBO","2025-08-11","35.385393"
"2025-04-24;080103","GPUS","2025-04-24","0"
"2025-04-24;082021","GPUS","2025-04-24","0"
"2025-04-24;082021","GPUS","2025-04-24","0"
"2025-04-24;095201","GPUS","2025-04-24","0"
"2025-04-24;101002","GPUS","2025-04-24","-33.82021"
"2025-04-24;121541","GPUS","2025-04-24","-11.149438"
"2025-04-24;123724","GPUS","2025-04-24","1.969406"
"2025-11-10;043307","GREE","2025-11-10","0"
"2025-11-10;043421","GREE","2025-11-10","0"
"2025-11-10;043421","GREE","2025-11-10","0"
"2025-11-10;044007","GREE","2025-11-10","0"
"2025-11-10;044406","GREE","2025-11-10","0"
"2025-11-10;044431","GREE","2025-11-10","0"
"2025-11-10;044515","GREE","2025-11-10","0"
"2025-11-10;044615","GREE","2025-11-10","0"
"2025-11-10;050322","GREE","2025-11-10","0"
"2025-11-10;052907","GREE","2025-11-10","0"
"2025-11-10;053122","GREE","2025-11-10","0"
"2025-11-10;054132","GREE","2025-11-10","-3.8581"
"2025-11-10;054137","GREE","2025-11-10","-4.1631"
"2025-11-10;054521","GREE","2025-11-10","-14.423"
"2025-11-10;055943","GREE","2025-11-10","0"
"2025-11-10;055943","GREE","2025-11-10","0"
"2025-11-10;060817","GREE","2025-11-10","0"
"2025-11-10;061028","GREE","2025-11-10","0"
"2025-11-10;073810","GREE","2025-11-10","-10.5264"
"2025-11-10;082031","GREE","2025-11-10","0"
"2025-11-10;082410","GREE","2025-11-10","0"
"2025-11-10;093331","GREE","2025-11-10","0"
"2025-11-10;105147","GREE","2025-11-10","-7.114167"
"2025-11-11;041553","GREE","2025-11-11","-2.075767"
"2025-11-11;083245","GREE","2025-11-11","-6.669966"
"2025-09-17;110351","GTBP","2025-09-17","0"
"2025-09-19;054910","GTBP","2025-09-19","14.918"
"2025-07-10;080014","HCTI","2025-07-10","0"
"2025-07-10;091947","HCTI","2025-07-10","0"
"2025-07-10;093107","HCTI","2025-07-10","-16.4048"
"2025-07-10;115740","HCTI","2025-07-10","0.0231"
"2025-10-09;103701","HCTI","2025-10-09","0"
"2025-10-09;115109","HCTI","2025-10-09","-9.021"
"2025-10-08;133217","HCWC","2025-10-08","0"
"2025-10-13;122751","HCWC","2025-10-13","4.4864"
"2025-10-17;055537","HCWC","2025-10-17","0"
"2025-10-17;080830","HCWC","2025-10-17","0"
"2025-10-17;080915","HCWC","2025-10-17","0"
"2025-10-17;093548","HCWC","2025-10-17","29.795"
"2025-05-30;125510","HIMS","2025-05-30","0"
"2025-06-25;054959","HIMS","2025-06-25","0"
"2025-09-04;084419","HOLO","2025-09-04","0"
"2025-09-04;093012","HOLO","2025-09-04","4.079"
"2025-09-04;093359","HOLO","2025-09-04","0"
"2025-09-04;094141","HOLO","2025-09-04","-15.4215"
"2025-09-11;112255","HOUR","2025-09-11","0"
"2025-09-11;135839","HOUR","2025-09-11","13.48925"
"2025-09-11;142239","HOUR","2025-09-11","14.48925"
"2025-10-13;085438","IMMX","2025-10-13","0"
"2025-10-13;102524","IMMX","2025-10-13","0"
"2025-10-14;093518","IMMX","2025-10-14","0"
"2025-10-14;094122","IMMX","2025-10-14","-19.021"
"2025-10-14;094122","IMMX","2025-10-14","-9.021"
"2025-10-14;094122","IMMX","2025-10-14","-12.021"
"2025-05-22;120024","IMRN","2025-05-22","0"
"2025-05-22;122654","IMRN","2025-05-22","17.9528"
"2025-11-04;080156","INBS","2025-11-04","0"
"2025-11-04;080222","INBS","2025-11-04","0"
"2025-11-04;080542","INBS","2025-11-04","0"
"2025-11-04;091106","INBS","2025-11-04","0"
"2025-11-04;115950","INBS","2025-11-04","0"
"2025-11-04;131604","INBS","2025-11-04","-5.69544"
"2025-11-04;140450","INBS","2025-11-04","-2.98718"
"2025-11-04;140602","INBS","2025-11-04","-0.86471"
"2025-11-04;140603","INBS","2025-11-04","-0.07861"
"2025-03-25;080035","INDP","2025-03-25","0"
"2025-03-25;080035","INDP","2025-03-25","0"
"2025-03-25;080035","INDP","2025-03-25","0"
"2025-03-25;092630","INDP","2025-03-25","5.654315"
"2025-03-25;103246","INDP","2025-03-25","0.735061"
"2025-03-25;103246","INDP","2025-03-25","4.919254"
"2025-03-26;093002","INDP","2025-03-26","-2.339478"
"2025-02-24;040338","ISPC","2025-02-24","0"
"2025-02-24;040344","ISPC","2025-02-24","0"
"2025-02-24;104553","ISPC","2025-02-24","57.937788"
"2025-08-06;054406","IVF","2025-08-06","0"
"2025-08-06;093002","IVF","2025-08-06","-7.8215"
"2025-08-06;134056","IVF","2025-08-06","0"
"2025-08-07;111617","IVF","2025-08-07","3.9785"
"2025-08-14;081918","IVP","2025-08-14","0"
"2025-08-14;083942","IVP","2025-08-14","-7.0215"
"2025-02-04;074730","KAPA","2025-02-04","0"
"2025-02-05;094917","KAPA","2025-02-05","-2.864163"
"2025-09-18;080000","KAPA","2025-09-18","0"
"2025-09-18;091233","KAPA","2025-09-18","-17.2305"
"2025-09-18;091553","KAPA","2025-09-18","-14.7555"
"2025-09-18;093505","KAPA","2025-09-18","0"
"2025-09-18;110956","KAPA","2025-09-18","17.979"
"2025-03-24;125046","KDLY","2025-03-24","0"
"2025-03-24;132543","KDLY","2025-03-24","1.933882"
"2025-03-24;143620","KDLY","2025-03-24","-10.135782"
"2025-04-14;062015","KIDZ","2025-04-14","0"
"2025-04-14;084341","KIDZ","2025-04-14","-20.143954"
"2025-10-24;051821","KITT","2025-10-24","0"
"2025-10-24;055818","KITT","2025-10-24","0"
"2025-10-27;090846","KITT","2025-10-27","0"
"2025-10-27;091013","KITT","2025-10-27","13.7857"
"2025-10-27;094121","KITT","2025-10-27","0"
"2025-10-27;094138","KITT","2025-10-27","0"
"2025-10-27;094223","KITT","2025-10-27","0"
"2025-10-27;094645","KITT","2025-10-27","0"
"2025-10-27;094905","KITT","2025-10-27","-1.6119"
"2025-10-27;100009","KITT","2025-10-27","0"
"2025-10-27;100502","KITT","2025-10-27","0"
"2025-10-27;101052","KITT","2025-10-27","-4.3603"
"2025-10-27;101443","KITT","2025-10-27","-6.4589"
"2025-10-27;101509","KITT","2025-10-27","-6.2253"
"2025-10-27;103642","KITT","2025-10-27","0"
"2025-10-27;103735","KITT","2025-10-27","0"
"2025-10-27;110259","KITT","2025-10-27","0"
"2025-10-27;124749","KITT","2025-10-27","0"
"2025-11-04;042308","KITT","2025-11-04","-14.8559"
"2025-07-29;141657","KNW","2025-07-29","0"
"2025-07-29;141740","KNW","2025-07-29","0"
"2025-07-31;155458","KNW","2025-07-31","37.978"
"2025-07-31;155458","KNW","2025-07-31","37.978"
"2025-08-07;084231","KNW","2025-08-07","0"
"2025-08-07;095036","KNW","2025-08-07","0"
"2025-08-07;095036","KNW","2025-08-07","0"
"2025-08-07;095327","KNW","2025-08-07","-21.0215"
"2025-08-07;103635","KNW","2025-08-07","0"
"2025-08-07;131123","KNW","2025-08-07","0"
"2025-08-08;093306","KNW","2025-08-08","0"
"2025-08-08;093658","KNW","2025-08-08","-28.0215"
"2025-08-08;093937","KNW","2025-08-08","-30.0215"
"2025-08-08;094725","KNW","2025-08-08","-17.021"
"2025-08-14;095840","KNW","2025-08-14","0"
"2025-04-14;052318","LEVI","2025-04-14","0"
"2025-09-17;093628","LGCL","2025-09-17","0"
"2025-09-18;040009","LGCL","2025-09-18","11.94"
"2025-09-19;081141","LGCL","2025-09-19","19.224"
"2025-09-19;081141","LGCL","2025-09-19","2.136"
"2025-09-09;112624","LIDR","2025-09-09","0"
"2025-09-09;141457","LIDR","2025-09-09","0"
"2025-09-10;091617","LIDR","2025-09-10","0"
"2025-09-10;093048","LIDR","2025-09-10","-26.522"
"2025-09-10;093048","LIDR","2025-09-10","-18.022"
"2025-09-10;093236","LIDR","2025-09-10","-11.5215"
"2025-08-12;070938","LOBO","2025-08-12","0"
"2025-08-12;071049","LOBO","2025-08-12","0"
"2025-08-14;081223","LOBO","2025-08-14","0"
"2025-08-14;091353","LOBO","2025-08-14","0"
"2025-08-14;095037","LOBO","2025-08-14","-42.45931"
"2025-08-15;104435","LOBO","2025-08-15","0"
"2025-08-15;104538","LOBO","2025-08-15","-5.798888"
"2025-08-15;104538","LOBO","2025-08-15","-8.357112"
"2025-08-18;141711","LOBO","2025-08-18","4.597"
"2025-08-18;141711","LOBO","2025-08-18","26.4925"
"2025-11-12;100443","LPTX","2025-11-12","0"
"2025-11-12;100509","LPTX","2025-11-12","0"
"2025-11-12;100519","LPTX","2025-11-12","0"
"2025-11-12;100601","LPTX","2025-11-12","0"
"2025-11-12;100710","LPTX","2025-11-12","0"
"2025-11-12;100732","LPTX","2025-11-12","0"
"2025-11-12;100830","LPTX","2025-11-12","0"
"2025-11-12;101026","LPTX","2025-11-12","0"
"2025-11-12;101252","LPTX","2025-11-12","-4.027546"
"2025-02-18;040000","LSH","2025-02-18","0"
"2025-02-25;094921","LSH","2025-02-25","-7.028743"
"2025-04-23;080044","MAIA","2025-04-23","0"
"2025-04-23;080044","MAIA","2025-04-23","0"
"2025-04-23;122509","MAIA","2025-04-23","23.970284"
"2025-06-18;080514","MAIA","2025-06-18","0"
"2025-06-18;091507","MAIA","2025-06-18","1.88196"
"2025-06-18;091507","MAIA","2025-06-18","11.59444"
"2025-06-18;091555","MAIA","2025-06-18","0"
"2025-06-18;093647","MAIA","2025-06-18","0"
"2025-06-18;095737","MAIA","2025-06-18","-3.4247"
"2025-06-18;095737","MAIA","2025-06-18","2.4753"
"2025-07-09;080057","MAIA","2025-07-09","0"
"2025-07-09;121725","MAIA","2025-07-09","10.979"
"2025-07-21;080216","MAIA","2025-07-21","0"
"2025-07-21;112533","MAIA","2025-07-21","0"
"2025-07-28;080129","MAIA","2025-07-28","0.17079"
"2025-07-28;080130","MAIA","2025-07-28","17.80821"
"2025-07-28;093210","MAIA","2025-07-28","14.478"
"2025-07-30;150142","MAIA","2025-07-30","0"
"2025-08-07;040117","MAIA","2025-08-07","0"
"2025-08-12;091752","MAIA","2025-08-12","0"
"2025-08-12;094301","MAIA","2025-08-12","0"
"2025-08-13;111017","MAIA","2025-08-13","9.479"
"2025-08-13;115941","MAIA","2025-08-13","9.479"
"2025-08-13;120425","MAIA","2025-08-13","41.958"
"2025-08-19;115250","MAIA","2025-08-19","0"
"2025-08-27;102316","MAIA","2025-08-27","32.957"
"2025-09-04;093115","MAIA","2025-09-04","0"
"2025-09-05;092947","MAIA","2025-09-05","38.937"
"2025-09-11;080255","MAIA","2025-09-11","0"
"2025-09-11;093408","MAIA","2025-09-11","0"
"2025-09-11;103640","MAIA","2025-09-11","3.9785"
"2025-09-11;103640","MAIA","2025-09-11","-0.021"
"2025-10-16;080748","MAIA","2025-10-16","0"
"2025-10-16;085652","MAIA","2025-10-16","0"
"2025-10-16;102426","MAIA","2025-10-16","0"
"2025-10-17;064620","MAIA","2025-10-17","0"
"2025-10-17;093009","MAIA","2025-10-17","0"
"2025-10-17;122834","MAIA","2025-10-17","0"
"2025-10-20;095753","MAIA","2025-10-20","0"
"2025-10-23;080335","MAIA","2025-10-23","5.958"
"2025-10-23;080913","MAIA","2025-10-23","4.979"
"2025-10-23;080913","MAIA","2025-10-23","10.979"
"2025-10-23;081908","MAIA","2025-10-23","8.9945"
"2025-10-23;082003","MAIA","2025-10-23","9.4845"
"2025-10-23;082003","MAIA","2025-10-23","18.479"
"2025-10-29;093622","MAIA","2025-10-29","0"
"2025-10-30;090006","MAIA","2025-10-30","0"
"2025-02-19;193154","MCVT","2025-02-19","0"
"2025-02-20;050312","MCVT","2025-02-20","0"
"2025-02-20;082013","MCVT","2025-02-20","0"
"2025-02-21;042944","MCVT","2025-02-21","0"
"2025-02-21;093000","MCVT","2025-02-21","0"
"2025-02-21;093008","MCVT","2025-02-21","0"
"2025-03-13;094835","MCVT","2025-03-13","-57.020315"
"2025-03-21;050214","MCVT","2025-03-21","-48.320412"
"2025-03-21;062416","MCVT","2025-03-21","-13.78758"
"2025-03-26;153358","MCVT","2025-03-26","-3.575749"
"2025-03-28;150044","MCVT","2025-03-28","0"
"2025-04-02;093001","MCVT","2025-04-02","0"
"2025-04-07;070006","MCVT","2025-04-07","-4.111347"
"2025-04-07;070012","MCVT","2025-04-07","-8.222694"
"2025-04-07;071611","MCVT","2025-04-07","-4.111347"
"2025-04-09;140705","MCVT","2025-04-09","-31.213746"
"2025-04-14;095836","MCVT","2025-04-14","-9.764435"
"2025-04-21;041506","MCVT","2025-04-21","-7.289505"
"2025-04-21;041551","MCVT","2025-04-21","0.244431"
"2025-05-05;040000","MCVT","2025-05-05","-0.02628"
"2025-05-05;040000","MCVT","2025-05-05","-0.02628"
"2025-05-05;102340","MCVT","2025-05-05","-0.893536"
"2025-05-05;102340","MCVT","2025-05-05","-0.315366"
"2025-05-16;120443","MCVT","2025-05-16","9.0832"
"2025-02-10;040001","MGOL","2025-02-10","0"
"2025-02-10;111140","MGOL","2025-02-10","66.223362"
"2025-02-11;094349","MGOL","2025-02-11","4.618139"
"2025-02-14;105858","MGOL","2025-02-14","60.57227"
"2025-04-02;121458","MRNA","2025-04-02","0"
"2025-04-02;122916","MRNA","2025-04-02","0"
"2025-04-11;051222","MRNA","2025-04-11","0"
"2025-05-09;080459","MRNA","2025-05-09","-40.834235"
"2025-05-09;091847","MRNA","2025-05-09","0"
"2025-09-12;120208","NAKA","2025-09-12","0"
"2025-09-12;145045","NAKA","2025-09-12","-42.042"
"2025-07-18;101659","NAOV","2025-07-18","0"
"2025-07-18;104245","NAOV","2025-07-18","-5.9615"
"2025-07-18;115031","NAOV","2025-07-18","0"
"2025-07-22;095131","NAOV","2025-07-22","-13.5215"
"2025-08-08;080533","NTRB","2025-08-08","0"
"2025-08-08;080904","NTRB","2025-08-08","47.9895"
"2025-08-08;084557","NTRB","2025-08-08","0"
"2025-08-08;093256","NTRB","2025-08-08","7.9785"
"2025-06-26;144154","NUVB","2025-06-26","0"
"2025-06-27;124151","NUVB","2025-06-27","1.3484"
"2025-03-31;045552","NVDA","2025-03-31","0"
"2025-04-04;110745","NVDA","2025-04-04","0"
"2025-04-04;132053","NVDA","2025-04-04","0"
"2025-06-20;083625","OKYO","2025-06-20","0"
"2025-06-20;083758","OKYO","2025-06-20","0"
"2025-06-20;090346","OKYO","2025-06-20","2.008512"
"2025-07-16;083707","OKYO","2025-07-16","0"
"2025-07-16;092144","OKYO","2025-07-16","15.979"
"2025-07-16;092350","OKYO","2025-07-16","0"
"2025-07-16;093137","OKYO","2025-07-16","-16.4215"
"2025-07-18;133358","OKYO","2025-07-18","0"
"2025-07-18;154411","OKYO","2025-07-18","-7.5035"
"2025-08-01;074000","OKYO","2025-08-01","0"
"2025-08-01;074000","OKYO","2025-08-01","-5.021"
"2025-08-01;074031","OKYO","2025-08-01","0"
"2025-08-01;074031","OKYO","2025-08-01","0"
"2025-08-01;080609","OKYO","2025-08-01","7.794912"
"2025-08-01;080704","OKYO","2025-08-01","12.999348"
"2025-08-01;080709","OKYO","2025-08-01","5.599739"
"2025-09-11;145743","OKYO","2025-09-11","0"
"2025-09-11;145743","OKYO","2025-09-11","0"
"2025-09-19;104101","OKYO","2025-09-19","-44.042"
"2025-10-24;064721","ORBS","2025-10-24","0"
"2025-10-24;092800","ORBS","2025-10-24","0"
"2025-10-27;111056","ORBS","2025-10-27","0"
"2025-10-28;095553","ORBS","2025-10-28","0"
"2025-10-29;055509","ORBS","2025-10-29","0"
"2025-10-30;131919","ORBS","2025-10-30","-21.3441"
"2025-10-31;103114","ORBS","2025-10-31","-23.47065"
"2025-11-11;083343","ORBS","2025-11-11","-23.7171"
"2025-11-11;102633","ORBS","2025-11-11","-12.14155"
"2025-10-29;081618","PDSB","2025-10-29","0"
"2025-10-29;082143","PDSB","2025-10-29","0"
"2025-10-29;083752","PDSB","2025-10-29","0"
"2025-10-29;083755","PDSB","2025-10-29","0"
"2025-10-29;121311","PDSB","2025-10-29","3.14419"
"2025-08-19;080213","PMCB","2025-08-19","0"
"2025-08-19;080359","PMCB","2025-08-19","0"
"2025-08-19;080359","PMCB","2025-08-19","0"
"2025-08-19;085715","PMCB","2025-08-19","0"
"2025-08-19;093405","PMCB","2025-08-19","-9.0215"
"2025-08-19;093405","PMCB","2025-08-19","-10.2215"
"2025-08-19;093427","PMCB","2025-08-19","-10.0015"
"2025-08-19;093526","PMCB","2025-08-19","0"
"2025-08-19;104922","PMCB","2025-08-19","3.7585"
"2025-08-19;104922","PMCB","2025-08-19","4.6785"
"2025-03-03;040401","POLA","2025-03-03","0"
"2025-03-03;114847","POLA","2025-03-03","0"
"2025-03-03;115137","POLA","2025-03-03","0"
"2025-03-03;115137","POLA","2025-03-03","0"
"2025-03-03;132516","POLA","2025-03-03","-41.818597"
"2025-03-03;132516","POLA","2025-03-03","-27.612387"
"2025-03-03;134005","POLA","2025-03-03","0"
"2025-03-03;153806","POLA","2025-03-03","-67.561044"
"2025-03-10;041032","POLA","2025-03-10","0"
"2025-03-10;041032","POLA","2025-03-10","0"
"2025-03-10;092802","POLA","2025-03-10","0"
"2025-03-11;042414","POLA","2025-03-11","-0.081423"
"2025-03-11;043223","POLA","2025-03-11","-0.814232"
"2025-03-11;095924","POLA","2025-03-11","-58.880126"
"2025-09-05;094213","PPCB","2025-09-05","0"
"2025-09-05;110449","PPCB","2025-09-05","0"
"2025-09-08;102427","PPCB","2025-09-08","0"
"2025-09-08;110121","PPCB","2025-09-08","0"
"2025-09-08;173839","PPCB","2025-09-08","0"
"2025-09-08;173923","PPCB","2025-09-08","0"
"2025-09-08;174845","PPCB","2025-09-08","-25.021"
"2025-09-09;094256","PPCB","2025-09-09","0"
"2025-09-09;094605","PPCB","2025-09-09","0"
"2025-09-09;102954","PPCB","2025-09-09","-28.021"
"2025-09-09;102954","PPCB","2025-09-09","-17.021"
"2025-09-09;103145","PPCB","2025-09-09","-15.021"
"2025-09-09;103145","PPCB","2025-09-09","-9.021"
"2025-09-09;112101","PPCB","2025-09-09","-0.13821"
"2025-09-09;112126","PPCB","2025-09-09","-11.88279"
"2025-07-14;060616","PSTV","2025-07-14","0"
"2025-07-15;193254","PSTV","2025-07-15","0"
"2025-07-15;193254","PSTV","2025-07-15","0"
"2025-07-17;040930","PSTV","2025-07-17","-14.7432"
"2025-07-17;153931","PSTV","2025-07-17","34.808"
"2025-03-28;080053","QLGN","2025-03-28","0"
"2025-03-28;080305","QLGN","2025-03-28","-0.601542"
"2025-09-15;094019","RAYA","2025-09-15","0"
"2025-09-15;100858","RAYA","2025-09-15","0"
"2025-09-15;135301","RAYA","2025-09-15","53.55"
"2025-09-15;161251","RAYA","2025-09-15","0"
"2025-09-16;093554","RAYA","2025-09-16","-0.3994"
"2025-09-19;120833","RAYA","2025-09-19","0"
"2025-09-19;121208","RAYA","2025-09-19","8.7186"
"2025-09-19;121720","RAYA","2025-09-19","0"
"2025-09-19;122601","RAYA","2025-09-19","0"
"2025-09-19;122601","RAYA","2025-09-19","0"
"2025-09-19;122602","RAYA","2025-09-19","-30.11"
"2025-09-19;133026","RAYA","2025-09-19","0"
"2025-09-24;071314","RAYA","2025-09-24","11.63388"
"2025-09-24;071326","RAYA","2025-09-24","4.6495"
"2025-09-25;134012","RAYA","2025-09-25","-22.9715"
"2025-09-25;191946","RAYA","2025-09-25","-16.78425"
"2025-10-02;112342","RAYA","2025-10-02","-8.730275"
"2025-10-02;140452","RAYA","2025-10-02","-8.531285"
"2025-10-02;141543","RAYA","2025-10-02","-2.326482"
"2025-03-13;150120","RIME","2025-03-13","0"
"2025-04-04;140043","RIME","2025-04-04","2.529587"
"2025-11-13;080454","RIME","2025-11-13","0"
"2025-11-13;082011","RIME","2025-11-13","0"
"2025-11-13;082117","RIME","2025-11-13","0"
"2025-11-13;082752","RIME","2025-11-13","0"
"2025-11-13;082847","RIME","2025-11-13","0"
"2025-11-13;085446","RIME","2025-11-13","-18.602"
"2025-11-13;085459","RIME","2025-11-13","-2.6421"
"2025-11-13;085502","RIME","2025-11-13","-2.9982"
"2025-11-13;090403","RIME","2025-11-13","-3.1071"
"2025-11-13;090502","RIME","2025-11-13","-3.1071"
"2025-10-22;075013","SBEV","2025-10-22","0"
"2025-10-22;083747","SBEV","2025-10-22","-5.16775"
"2025-10-22;105024","SBEV","2025-10-22","2.62161"
"2025-10-22;105033","SBEV","2025-10-22","4.66064"
"2025-10-22;113315","SBEV","2025-10-22","0"
"2025-10-22;113315","SBEV","2025-10-22","0"
"2025-10-22;113502","SBEV","2025-10-22","-3.79025"
"2025-07-31;080043","SEGG","2025-07-31","0"
"2025-07-31;080921","SEGG","2025-07-31","0"
"2025-07-31;093010","SEGG","2025-07-31","0"
"2025-07-31;093011","SEGG","2025-07-31","-7.021"
"2025-07-31;093011","SEGG","2025-07-31","-10.0215"
"2025-07-31;094253","SEGG","2025-07-31","-13.0506"
"2025-10-09;110358","SERV","2025-10-09","0"
"2025-10-09;110427","SERV","2025-10-09","-0.2042"
"2025-10-20;073154","SGBX","2025-10-20","0"
"2025-10-20;100526","SGBX","2025-10-20","-5.021"
"2025-10-20;100637","SGBX","2025-10-20","0"
"2025-10-22;122946","SGBX","2025-10-22","0"
"2025-10-22;161238","SGBX","2025-10-22","49.4895"
"2025-10-22;161337","SGBX","2025-10-22","145.579"
"2025-10-22;162002","SGBX","2025-10-22","83.5895"
"2025-10-22;162002","SGBX","2025-10-22","0"
"2025-10-22;162526","SGBX","2025-10-22","0.9895"
"2025-10-22;162544","SGBX","2025-10-22","0"
"2025-10-22;170408","SGBX","2025-10-22","-18.0105"
"2025-10-23;042439","SGBX","2025-10-23","0"
"2025-10-23;042613","SGBX","2025-10-23","0"
"2025-10-23;042717","SGBX","2025-10-23","0"
"2025-10-23;042824","SGBX","2025-10-23","0"
"2025-10-23;042847","SGBX","2025-10-23","0"
"2025-10-23;043101","SGBX","2025-10-23","33.9547"
"2025-10-23;043510","SGBX","2025-10-23","0"
"2025-10-23;043926","SGBX","2025-10-23","0"
"2025-10-23;043953","SGBX","2025-10-23","-1.1911"
"2025-10-23;043953","SGBX","2025-10-23","0"
"2025-10-23;044115","SGBX","2025-10-23","-3.1021"
"2025-10-23;044257","SGBX","2025-10-23","0"
"2025-10-23;044346","SGBX","2025-10-23","0"
"2025-10-23;044442","SGBX","2025-10-23","0"
"2025-10-23;045320","SGBX","2025-10-23","0"
"2025-10-23;045840","SGBX","2025-10-23","0"
"2025-10-23;045921","SGBX","2025-10-23","0"
"2025-10-23;050749","SGBX","2025-10-23","28.895802"
"2025-10-23;051627","SGBX","2025-10-23","0"
"2025-10-23;051824","SGBX","2025-10-23","0"
"2025-10-23;051859","SGBX","2025-10-23","0"
"2025-10-23;052405","SGBX","2025-10-23","0"
"2025-10-23;052410","SGBX","2025-10-23","0"
"2025-10-23;052446","SGBX","2025-10-23","0"
"2025-10-23;052737","SGBX","2025-10-23","0"
"2025-10-23;052812","SGBX","2025-10-23","0"
"2025-10-23;054600","SGBX","2025-10-23","0"
"2025-10-23;055424","SGBX","2025-10-23","0"
"2025-10-23;060040","SGBX","2025-10-23","0"
"2025-10-23;060134","SGBX","2025-10-23","0"
"2025-10-23;060315","SGBX","2025-10-23","0"
"2025-10-23;061347","SGBX","2025-10-23","0"
"2025-10-23;062035","SGBX","2025-10-23","0"
"2025-10-23;064613","SGBX","2025-10-23","0"
"2025-10-23;064613","SGBX","2025-10-23","0"
"2025-10-23;092346","SGBX","2025-10-23","0"
"2025-10-23;112242","SGBX","2025-10-23","0"
"2025-10-23;113626","SGBX","2025-10-23","0"
"2025-10-23;123712","SGBX","2025-10-23","0"
"2025-10-24;053346","SGBX","2025-10-24","0"
"2025-10-24;093345","SGBX","2025-10-24","0"
"2025-10-24;093422","SGBX","2025-10-24","0"
"2025-10-24;105224","SGBX","2025-10-24","0"
"2025-10-24;124238","SGBX","2025-10-24","0"
"2025-10-24;174321","SGBX","2025-10-24","-19.6841"
"2025-10-27;040000","SGBX","2025-10-27","-17.1871"
"2025-10-29;062257","SGBX","2025-10-29","0"
"2025-11-04;115441","SGBX","2025-11-04","-19.7926"
"2025-11-04;170431","SGBX","2025-11-04","-20.3331"
"2025-11-07;040026","SGBX","2025-11-07","-20.0321"
"2025-11-07;040026","SGBX","2025-11-07","-19.0221"
"2025-11-11;085726","SGBX","2025-11-11","-21.0221"
"2025-11-12;103318","SGBX","2025-11-12","-173.49"
"2025-11-12;114739","SGBX","2025-11-12","0"
"2025-11-12;115134","SGBX","2025-11-12","-5.521"
"2025-11-13;040203","SGBX","2025-11-13","-2.41155"
"2025-11-13;040203","SGBX","2025-11-13","-2.41155"
"2025-11-13;040312","SGBX","2025-11-13","-2.4881"
"2025-11-13;040522","SGBX","2025-11-13","-3.8561"
"2025-11-13;040806","SGBX","2025-11-13","-4.2661"
"2025-11-13;041245","SGBX","2025-11-13","-3.650326"
"2025-11-13;045903","SGBX","2025-11-13","0"
"2025-11-13;050753","SGBX","2025-11-13","-6.820358"
"2025-11-13;070109","SGBX","2025-11-13","11.511784"
"2025-11-13;070134","SGBX","2025-11-13","0.54609"
"2025-11-13;070134","SGBX","2025-11-13","5.16376"
"2025-11-13;070134","SGBX","2025-11-13","127.131151"
"2025-04-10;161350","SHPH","2025-04-10","0"
"2025-04-10;161350","SHPH","2025-04-10","0"
"2025-04-10;161350","SHPH","2025-04-10","0"
"2025-04-10;161600","SHPH","2025-04-10","3.442298"
"2025-04-10;161851","SHPH","2025-04-10","1.573187"
"2025-04-10;162135","SHPH","2025-04-10","6.097226"
"2025-10-27;124350","SHPH","2025-10-27","0"
"2025-10-27;133542","SHPH","2025-10-27","0"
"2025-10-28;095847","SHPH","2025-10-28","0"
"2025-11-03;070715","SHPH","2025-11-03","29.649701"
"2025-09-23;080428","SILO","2025-09-23","0"
"2025-09-23;084544","SILO","2025-09-23","22.979"
"2025-09-10;072919","SLNH","2025-09-10","0"
"2025-09-10;084800","SLNH","2025-09-10","0"
"2025-09-10;085835","SLNH","2025-09-10","0"
"2025-09-10;091104","SLNH","2025-09-10","-14.8075"
"2025-09-10;094214","SLNH","2025-09-10","23.52498"
"2025-09-10;094214","SLNH","2025-09-10","16.28952"
"2025-09-10;094214","SLNH","2025-09-10","8.849"
"2025-07-10;123830","SNOA","2025-07-10","0"
"2025-07-10;135109","SNOA","2025-07-10","16.979"
"2025-08-05;080657","SPAI","2025-08-05","0"
"2025-08-05;080816","SPAI","2025-08-05","9.9895"
"2025-08-05;081626","SPAI","2025-08-05","0"
"2025-08-05;081626","SPAI","2025-08-05","0"
"2025-08-05;082810","SPAI","2025-08-05","0"
"2025-08-05;083012","SPAI","2025-08-05","0"
"2025-08-05;092500","SPAI","2025-08-05","-52.021"
"2025-08-05;093604","SPAI","2025-08-05","-71.0215"
"2025-08-05;093927","SPAI","2025-08-05","-64.3215"
"2025-09-17;082109","SPAI","2025-09-17","0"
"2025-09-17;084353","SPAI","2025-09-17","0"
"2025-09-17;092603","SPAI","2025-09-17","0.0579"
"2025-09-17;092750","SPAI","2025-09-17","2.1337"
"2025-09-17;092750","SPAI","2025-09-17","0.7979"
"2025-09-17;094724","SPAI","2025-09-17","-5.5105"
"2025-09-05;130947","SPRC","2025-09-05","0"
"2025-09-10;045740","SPRC","2025-09-10","0"
"2025-09-10;045740","SPRC","2025-09-10","0"
"2025-09-10;070005","SPRC","2025-09-10","-4.05768"
"2025-09-10;070010","SPRC","2025-09-10","-21.30282"
"2025-09-11;072625","SPRC","2025-09-11","-11.421"
"2025-09-11;072748","SPRC","2025-09-11","8.0895"
"2025-07-08;065136","SQNS","2025-07-08","0"
"2025-07-08;065940","SQNS","2025-07-08","0"
"2025-07-08;070226","SQNS","2025-07-08","-6.021"
"2025-07-08;083846","SQNS","2025-07-08","0"
"2025-07-08;083849","SQNS","2025-07-08","0"
"2025-07-08;092816","SQNS","2025-07-08","12.479"
"2025-07-08;093110","SQNS","2025-07-08","8.4785"
"2025-09-26;101907","STEX","2025-09-26","0"
"2025-09-26;155216","STEX","2025-09-26","17.9895"
"2025-08-26;080407","SWIN","2025-08-26","0"
"2025-08-26;090507","SWIN","2025-08-26","0"
"2025-08-26;093001","SWIN","2025-08-26","-2.8968"
"2025-08-26;093002","SWIN","2025-08-26","1.9071"
"2025-08-26;093002","SWIN","2025-08-26","-2.6218"
"2025-10-29;124545","TBH","2025-10-29","0"
"2025-11-11;122613","TBH","2025-11-11","-14.521"
"2025-09-22;143259","TDTH","2025-09-22","0"
"2025-10-10;152612","TDTH","2025-10-10","-23.682"
"2025-03-12;102426","TGL","2025-03-12","0"
"2025-03-24;090915","TGL","2025-03-24","1.202954"
"2025-03-31;093004","TGL","2025-03-31","-7.275608"
"2025-08-06;093225","TGL","2025-08-06","0"
"2025-08-07;102844","TGL","2025-08-07","0"
"2025-08-11;144356","TGL","2025-08-11","27.979"
"2025-08-11;144356","TGL","2025-08-11","29.999"
"2025-09-10;050755","TGL","2025-09-10","0"
"2025-09-10;093205","TGL","2025-09-10","-10.7225"
"2025-09-10;110939","TGL","2025-09-10","0"
"2025-09-10;161145","TGL","2025-09-10","20.65833"
"2025-09-10;161145","TGL","2025-09-10","6.39067"
"2025-09-15;044530","TGL","2025-09-15","0"
"2025-09-15;112048","TGL","2025-09-15","-0.51568"
"2025-09-15;112048","TGL","2025-09-15","-5.50532"
"2025-06-13;080131","TLSA","2025-06-13","0"
"2025-06-13;080807","TLSA","2025-06-13","0"
"2025-06-13;082236","TLSA","2025-06-13","0"
"2025-06-13;103005","TLSA","2025-06-13","3.421722"
"2025-06-13;103005","TLSA","2025-06-13","1.033578"
"2025-06-13;103005","TLSA","2025-06-13","3.4953"
"2025-06-13;104122","TLSA","2025-06-13","8.9764"
"2025-11-13;085110","TNMG","2025-11-13","0"
"2025-11-13;085410","TNMG","2025-11-13","0"
"2025-11-13;085931","TNMG","2025-11-13","0"
"2025-11-13;090141","TNMG","2025-11-13","0"
"2025-11-13;090851","TNMG","2025-11-13","0"
"2025-11-13;091244","TNMG","2025-11-13","0"
"2025-11-13;091305","TNMG","2025-11-13","0"
"2025-11-13;091747","TNMG","2025-11-13","-10.60485"
"2025-11-13;091758","TNMG","2025-11-13","-6.974608"
"2025-11-13;092308","TNMG","2025-11-13","0"
"2025-11-13;092530","TNMG","2025-11-13","0"
"2025-11-13;093125","TNMG","2025-11-13","-7.442"
"2025-11-13;093152","TNMG","2025-11-13","-7.0163"
"2025-11-13;093341","TNMG","2025-11-13","-4.66081"
"2025-11-13;093548","TNMG","2025-11-13","-4.11185"
"2025-03-04;072844","TSLA","2025-03-04","0"
"2025-03-31;040000","TSLA","2025-03-31","0"
"2025-08-12;080301","TZUP","2025-08-12","0"
"2025-08-12;112307","TZUP","2025-08-12","21.9937"
"2025-08-18;090611","USBC","2025-08-18","0"
"2025-08-18;094254","USBC","2025-08-18","-54.521"
"2025-08-18;094732","USBC","2025-08-18","-67.542"
"2025-09-11;093607","USBC","2025-09-11","0"
"2025-10-09;151657","USBC","2025-10-09","-101.669"
"2025-10-10;093810","USBC","2025-10-10","37.958"
"2025-09-02;121221","UUU","2025-09-02","0"
"2025-09-02;123011","UUU","2025-09-02","12.979"
"2025-10-20;064539","VCIG","2025-10-20","0"
"2025-10-21;093942","VCIG","2025-10-21","0"
"2025-10-21;111700","VCIG","2025-10-21","0"
"2025-10-21;131450","VCIG","2025-10-21","-41.521"
"2025-10-22;102542","VCIG","2025-10-22","-30.021"
"2025-10-22;102542","VCIG","2025-10-22","-23.021"
"2025-08-21;075912","VELO","2025-08-21","0"
"2025-08-21;090022","VELO","2025-08-21","40.9785"
"2025-03-10;082751","VINE","2025-03-10","0"
"2025-03-21;093022","VRPX","2025-03-21","0"
"2025-03-21;093337","VRPX","2025-03-21","6.123415"
"2025-03-21;093615","VRPX","2025-03-21","7.980386"
"2025-03-21;093737","VRPX","2025-03-21","0.982058"
"2025-03-21;093737","VRPX","2025-03-21","1.201617"
"2025-03-21;105421","VRPX","2025-03-21","0"
"2025-03-21;105548","VRPX","2025-03-21","-7.287692"
"2025-03-21;105548","VRPX","2025-03-21","-4.743347"
"2025-11-14;102321","VSME","2025-11-14","0"
"2025-04-01;133740","VUZI","2025-04-01","0"
"2025-04-01;133912","VUZI","2025-04-01","-2.530135"
"2025-04-01;134001","VUZI","2025-04-01","0"
"2025-04-01;142519","VUZI","2025-04-01","-5.959977"
"2025-04-30;080033","VUZI","2025-04-30","0"
"2025-04-30;101428","VUZI","2025-04-30","1.469601"
"2025-04-30;110722","VUZI","2025-04-30","6.469462"
"2025-06-30;080048","VUZI","2025-06-30","0"
"2025-06-30;080048","VUZI","2025-06-30","0"
"2025-06-30;080048","VUZI","2025-06-30","0"
"2025-06-30;121915","VUZI","2025-06-30","3.0753"
"2025-07-18;080435","VUZI","2025-07-18","0"
"2025-07-21;093529","VUZI","2025-07-21","17.9785"
"2025-07-22;103441","VUZI","2025-07-22","0"
"2025-07-25;104919","VUZI","2025-07-25","-13.022"
"2025-07-30;162943","VUZI","2025-07-30","0"
"2025-08-06;093955","VUZI","2025-08-06","0"
"2025-08-06;132035","VUZI","2025-08-06","13.478"
"2025-08-06;132652","VUZI","2025-08-06","10.978"
"2025-08-19;040942","VUZI","2025-08-19","0"
"2025-08-19;104903","VUZI","2025-08-19","-28.043"
"2025-08-19;105910","VUZI","2025-08-19","0"
"2025-08-20;075540","VUZI","2025-08-20","0"
"2025-08-20;095111","VUZI","2025-08-20","-8.022"
"2025-09-05;093617","VUZI","2025-09-05","32.978"
"2025-07-22;051822","VWAV","2025-07-22","0"
"2025-07-22;052218","VWAV","2025-07-22","0"
"2025-07-22;093921","VWAV","2025-07-22","-28.021"
"2025-07-22;095439","VWAV","2025-07-22","0"
"2025-07-22;095439","VWAV","2025-07-22","0"
"2025-07-28;083017","VWAV","2025-07-28","72.979"
"2025-08-26;103857","WBUY","2025-08-26","0"
"2025-08-26;133920","WBUY","2025-08-26","0"
"2025-08-27;071701","WBUY","2025-08-27","0"
"2025-08-27;093000","WBUY","2025-08-27","0"
"2025-08-27;102950","WBUY","2025-08-27","0"
"2025-08-29;101729","WBUY","2025-08-29","-31.022"
"2025-09-02;112524","WBUY","2025-09-02","-26.589737"
"2025-09-05;103608","WBUY","2025-09-05","-27.185953"
"2025-07-22;093858","WINT","2025-07-22","0"
"2025-07-22;095115","WINT","2025-07-22","0"
"2025-07-22;095556","WINT","2025-07-22","-10.9175"
"2025-07-22;095556","WINT","2025-07-22","-5.4773"
"2025-07-22;095814","WINT","2025-07-22","0"
"2025-07-23;050954","WINT","2025-07-23","13.13455"
"2025-06-23;163803","XBIO","2025-06-23","0"
"2025-06-23;163803","XBIO","2025-06-23","0"
"2025-06-23;164253","XBIO","2025-06-23","0"
"2025-06-23;193803","XBIO","2025-06-23","-6.206244"
"2025-06-24;040737","XBIO","2025-06-24","2.841752"
"2025-06-24;040738","XBIO","2025-06-24","4.662781"
"2025-06-24;040739","XBIO","2025-06-24","25.666312"
"2025-06-24;045130","XBIO","2025-06-24","0"
"2025-06-24;093234","XBIO","2025-06-24","23.9764"
"2025-08-07;140158","XXII","2025-08-07","0"
"2025-08-14;082047","XXII","2025-08-14","0"
"2025-08-14;095019","XXII","2025-08-14","0"
"2025-08-20;071428","XXII","2025-08-20","-22.0215"
"2025-08-20;095210","XXII","2025-08-20","-6.50281"
"2025-08-20;095210","XXII","2025-08-20","-3.51819"
"2025-08-20;095418","XXII","2025-08-20","-0.109915"
"2025-08-20;095418","XXII","2025-08-20","-9.411585"
"2025-08-06;040235","YHC","2025-08-06","0"
"2025-08-06;060223","YHC","2025-08-06","0"
"2025-08-07;042524","YHC","2025-08-07","0"
"2025-08-07;080228","YHC","2025-08-07","53.9549"
"2025-08-07;081110","YHC","2025-08-07","47.979"
"2025-09-16;110029","YHC","2025-09-16","0"
"2025-09-26;173753","YHC","2025-09-26","16.212"
"2025-10-03;124626","YHC","2025-10-03","0"
"2025-10-06;101402","YHC","2025-10-06","0"
"2025-10-06;101402","YHC","2025-10-06","0"
"2025-10-08;093000","YHC","2025-10-08","0"
"2025-10-10;170059","YHC","2025-10-10","0"
"2025-10-10;170711","YHC","2025-10-10","0"
"2025-10-10;174208","YHC","2025-10-10","-5.073"
"2025-10-20;040711","YHC","2025-10-20","-8.830974"
"2025-10-20;040711","YHC","2025-10-20","7.640974"
"2025-10-20;040711","YHC","2025-10-20","6.0475"
"2025-10-20;040711","YHC","2025-10-20","4.838"
"2025-10-21;132709","YHC","2025-10-21","0"
"2025-10-21;143346","YHC","2025-10-21","0"
"2025-10-22;173446","YHC","2025-10-22","5.592672"
"2025-10-22;183304","YHC","2025-10-22","7.705328"
"2025-10-24;095526","YHC","2025-10-24","0"
"2025-10-24;095526","YHC","2025-10-24","0"
"2025-11-11;130650","YHC","2025-11-11","-6.7829"
"2025-11-11;132436","YHC","2025-11-11","-1.353719"
"2025-11-11;132440","YHC","2025-11-11","-1.326108"
"2025-11-11;132446","YHC","2025-11-11","-1.353459"
"2025-11-11;132449","YHC","2025-11-11","-1.326108"
"2025-11-11;132456","YHC","2025-11-11","-1.326108"
"2025-05-07;171121","ZKIN","2025-05-07","0"
"2025-05-07;171138","ZKIN","2025-05-07","0"
"2025-05-07;171213","ZKIN","2025-05-07","11.04093"
"2025-05-07;171534","ZKIN","2025-05-07","16.080326"
"2025-07-15;122818","ZKIN","2025-07-15","0"
"2025-07-15;122820","ZKIN","2025-07-15","0"
"2025-07-15;131208","ZKIN","2025-07-15","37.979"
"2025-02-04;045501","ZONE","2025-02-04","0"
"2025-02-04;045501","ZONE","2025-02-04","0"
"2025-02-07;135955","ZONE","2025-02-07","-4.528217"
"2025-05-07;085101","ZVSA","2025-05-07","0"
"2025-05-07;095411","ZVSA","2025-05-07","6.837939"
"2025-05-07;095411","ZVSA","2025-05-07","7.038745"
"2025-02-04;045501","GBP.USD","2025-02-04","0"
"2025-02-04;045501","GBP.USD","2025-02-04","0"
"2025-02-04;074731","GBP.USD","2025-02-04","0"
"2025-02-04;074731","GBP.USD","2025-02-04","0"
"2025-02-04;090030","GBP.USD","2025-02-04","0"
"2025-02-04;090030","GBP.USD","2025-02-04","0"
"2025-02-04;141125","GBP.USD","2025-02-04","0"
"2025-02-04;170000","GBP.USD","2025-02-04","0"
"2025-02-18;091746","GBP.USD","2025-02-18","0"
"2025-02-18;091746","GBP.USD","2025-02-18","0"
"2025-02-18;093513","GBP.USD","2025-02-18","0"
"2025-02-18;093513","GBP.USD","2025-02-18","0"
"2025-02-18;104243","GBP.USD","2025-02-18","0"
"2025-02-20;170000","GBP.USD","2025-02-20","0"
"2025-02-21;042945","GBP.USD","2025-02-21","0"
"2025-02-21;042945","GBP.USD","2025-02-21","0"
"2025-02-21;093001","GBP.USD","2025-02-21","0"
"2025-02-21;093001","GBP.USD","2025-02-21","0"
"2025-02-21;093002","GBP.USD","2025-02-21","0"
"2025-02-21;093008","GBP.USD","2025-02-21","0"
"2025-02-21;093008","GBP.USD","2025-02-21","0"
"2025-02-21;093008","GBP.USD","2025-02-21","0"
"2025-02-21;170000","GBP.USD","2025-02-21","0"
"2025-02-21;170000","GBP.USD","2025-02-21","0"
"2025-02-24;040338","GBP.USD","2025-02-24","0"
"2025-02-24;040338","GBP.USD","2025-02-24","0"
"2025-02-24;040338","GBP.USD","2025-02-24","0"
"2025-02-24;040344","GBP.USD","2025-02-24","0"
"2025-02-24;104554","GBP.USD","2025-02-24","0"
"2025-02-24;170000","GBP.USD","2025-02-24","0"
"2025-03-03;040402","GBP.USD","2025-03-03","0"
"2025-03-10;041032","GBP.USD","2025-03-10","0"
"2025-03-10;082751","GBP.USD","2025-03-10","0"
"2025-03-10;092802","GBP.USD","2025-03-10","0"
"2025-03-10;092803","GBP.USD","2025-03-10","0"
"2025-03-10;163621","GBP.USD","2025-03-10","0"
"2025-03-10;163720","GBP.USD","2025-03-10","0"
"2025-03-10;170000","GBP.USD","2025-03-10","0"
"2025-03-11;042415","GBP.USD","2025-03-11","0"
"2025-03-11;043223","GBP.USD","2025-03-11","0"
"2025-03-11;051216","GBP.USD","2025-03-11","0"
"2025-03-11;051217","GBP.USD","2025-03-11","0"
"2025-03-11;095924","GBP.USD","2025-03-11","0"
"2025-03-11;170000","GBP.USD","2025-03-11","0"
"2025-04-01;133741","GBP.USD","2025-04-01","0"
"2025-04-02;093002","GBP.USD","2025-04-02","0"
"2025-04-02;121458","GBP.USD","2025-04-02","0"
"2025-04-02;122916","GBP.USD","2025-04-02","0"
"2025-04-02;170000","GBP.USD","2025-04-02","0"
"2025-04-03;043146","GBP.USD","2025-04-03","0"
"2025-04-03;043146","GBP.USD","2025-04-03","0"
"2025-04-03;043146","GBP.USD","2025-04-03","0"
"2025-04-03;121409","GBP.USD","2025-04-03","0"
"2025-04-03;121615","GBP.USD","2025-04-03","0"
"2025-04-03;121707","GBP.USD","2025-04-03","0"
"2025-04-03;170000","GBP.USD","2025-04-03","0"
"2025-04-04;110745","GBP.USD","2025-04-04","0"
"2025-04-04;132054","GBP.USD","2025-04-04","0"
"2025-04-10;161351","GBP.USD","2025-04-10","0"
"2025-04-14;041159","GBP.USD","2025-04-14","0"
"2025-04-14;052318","GBP.USD","2025-04-14","0"
"2025-04-14;062015","GBP.USD","2025-04-14","0"
"2025-04-24;082021","GBP.USD","2025-04-24","0"
"2025-04-24;082021","GBP.USD","2025-04-24","0"
"2025-04-24;095201","GBP.USD","2025-04-24","0"
"2025-06-16;095414","GBP.USD","2025-06-16","0"
"2025-06-27;080022","GBP.USD","2025-06-27","0"
"2025-07-07;081905","GBP.USD","2025-07-07","0"
"2025-07-07;093333","GBP.USD","2025-07-07","0"
"2025-07-07;093333","GBP.USD","2025-07-07","0"
"2025-07-07;105735","GBP.USD","2025-07-07","0"
"2025-07-07;105736","GBP.USD","2025-07-07","0"
"2025-07-07;130242","GBP.USD","2025-07-07","0"
"2025-07-07;134316","GBP.USD","2025-07-07","0"
"2025-07-14;080027","GBP.USD","2025-07-14","0"
"2025-07-14;080814","GBP.USD","2025-07-14","0"
"2025-07-14;093720","GBP.USD","2025-07-14","0"
"2025-07-14;093720","GBP.USD","2025-07-14","0"
"2025-08-08;080534","GBP.USD","2025-08-08","0"
"2025-08-08;080534","GBP.USD","2025-08-08","0"
"2025-08-08;084557","GBP.USD","2025-08-08","0"
"2025-08-08;084557","GBP.USD","2025-08-08","0"
"2025-09-15;111203","GBP.USD","2025-09-15","0"
"2025-10-16;083135","GBP.USD","2025-10-16","0"
"2025-10-16;083807","GBP.USD","2025-10-16","0"
"2025-10-16;083807","GBP.USD","2025-10-16","0"
"2025-10-30;090006","GBP.USD","2025-10-30","0"
"2025-10-30;093453","GBP.USD","2025-10-30","0"
